{
    "metadata":{
        "version":3,
        "position":92,
        "type":"BufferGeometry",
        "uv":92,
        "normal":92,
        "generator":"io_three"
    },
    "data":{
        "attributes":{
            "normal":{
                "itemSize":3,
                "type":"Float32Array",
                "array":[0.0412305,0.998962,-0.0192267,0.0885342,0.938261,0.334391,0.228797,0.907132,-0.35316,0.0669881,0.861415,0.503403,0.071688,0.524949,0.848079,-0.101291,0.684927,0.721488,0.115909,-0.779778,-0.615192,-0.0845058,-0.975555,-0.202765,-0.0398572,-0.933195,-0.357067,-0.0389111,-0.75512,-0.654408,-0.0697958,-0.578509,-0.812677,-0.0596942,-0.837733,-0.542772,-0.974456,0.218543,0.0511795,-0.973937,0.216407,0.067629,-0.993011,0.0609149,0.100803,-0.974395,0.218818,0.0511795,0.839381,-0.0407422,-0.541978,0.12299,0.0199286,-0.992187,-0.974517,0.218329,0.0511185,-0.974487,0.218421,0.0512711,-0.974487,0.218421,0.0514237,-0.974517,0.21836,0.051149,-0.107242,0.850765,0.51445,-0.253639,0.486068,0.836268,-0.0824915,0.835566,0.543138,-0.00994903,0.599933,0.799951,-0.195532,0.272988,0.941923,-0.267281,0.551469,0.790185,0.0367138,0.259072,0.965148,0.0605792,0.619007,0.783044,0.0137944,0.87344,0.486679,0.0772423,0.995483,0.0547502,0.0814844,0.977538,0.19422,0.0702231,0.945982,0.316477,-0.976653,0.17893,0.118595,0.115909,-0.779778,-0.615192,-0.0398572,-0.933195,-0.357067,-0.933195,0.336039,0.127079,0.083224,0.967315,0.239479,0.0716575,0.993072,-0.0930509,-0.0737327,0.946959,-0.312693,0.0264595,0.905698,-0.423078,-0.104678,0.879635,-0.463973,0.0135197,0.728294,-0.68511,0.118748,-0.934629,0.335185,-0.0252083,-0.981658,0.18891,-0.0719932,-0.994659,0.0738243,-0.00625629,-0.919187,0.39375,-0.0297555,-0.956481,0.290231,-0.0227363,-0.835841,0.548479,-0.974456,0.218635,0.0511185,-0.974425,0.218696,0.0511185,-0.994903,0.0999481,-0.0113834,-0.975005,0.219398,0.0348216,0.298471,0.742119,0.600085,0.202918,-0.237037,0.950041,0.883572,-0.118961,0.452925,-0.974548,0.218146,0.0511795,-0.974548,0.218116,0.0512101,-0.974517,0.218299,0.0513932,-0.974487,0.218482,0.0513627,-0.234199,0.779351,-0.581133,-0.106784,0.94058,-0.322245,-0.0418714,0.83047,-0.555467,-0.259926,0.838984,-0.478011,-0.193609,0.676229,-0.710776,-0.0211188,0.674795,-0.737663,-0.0110172,0.958251,-0.285684,0.0189215,0.853877,-0.520096,0.0817591,0.995117,0.0549944,0.0730308,0.99472,-0.071749,0.0695212,0.994537,-0.0774865,-0.966887,0.254555,-0.016541,0.118748,-0.934629,0.335185,-0.0252083,-0.981658,0.18891,-0.926633,0.375774,-0.011536,0.0811792,0.567797,0.819117,0.0816675,0.976196,0.200873,0.0934477,0.972503,0.213263,0.0795923,0.59566,0.799249,0.0255135,0.85818,-0.51268,0.0699179,0.984802,-0.158849,0.027131,0.837703,-0.545427,0.0733665,0.995117,-0.0658589,0.0135502,0.754173,0.656514,-0.00903348,0.920469,-0.390667,0.118748,-0.934629,0.335185,0.115909,-0.779778,-0.615192,0.0747398,0.975646,0.206091,0.04944,0.575152,0.816523,0.0187384,0.832179,-0.554155,0.0579852,0.984985,-0.162511]
            },
            "uv":{
                "itemSize":2,
                "type":"Float32Array",
                "array":[0.980495,0.947147,0.686548,0.270128,0.666127,0.0838964,0.666761,0.117058,0.68289,0.271033,0.668756,0.614199,0.337909,0.912288,0.453967,0.0199166,0.670295,0.0384543,0.339385,0.00693888,0.449312,0.0195178,0.338355,0.899975,0.770768,0.966171,0.977097,0.948842,0.981572,0.950658,0.7715,0.967534,0.666392,0.0819027,0.985037,0.947347,0.769308,0.967585,0.665615,0.982349,0.666067,0.98144,0.769467,0.966253,0.977097,0.948842,0.72583,0.647495,0.727392,0.64259,0.721061,0.636938,0.719508,0.641057,0.667491,0.619811,0.719508,0.641057,0.736161,0.749455,0.667491,0.619811,0.977097,0.948842,0.740809,0.75372,0.72583,0.647495,0.985037,0.947347,0.667983,0.082774,0.988508,0.944627,0.980495,0.947147,0.352302,0.94766,0.624651,0.46283,0.605018,0.642671,0.664914,0.117056,0.663633,0.614191,0.649001,0.271053,0.337451,0.912288,0.00506528,0.0384543,0.221394,0.0199163,0.335976,0.00693888,0.337005,0.899975,0.226049,0.0195176,0.561665,0.966174,0.560836,0.967654,0.351275,0.951093,0.35574,0.949271,0.665502,0.0838941,0.347762,0.947868,0.665239,0.0819006,0.563541,0.967841,0.563388,0.96639,0.664864,0.981418,0.665164,0.982356,0.606586,0.647573,0.35574,0.949271,0.611343,0.637009,0.664864,0.619801,0.612895,0.641125,0.612895,0.641125,0.664864,0.619801,0.596393,0.749547,0.35574,0.949271,0.576638,0.859973,0.561665,0.966174,0.347762,0.947868,0.663646,0.0827736,0.344288,0.945152,0.352302,0.94766,0.752814,0.857854,0.755788,0.859946,0.707508,0.462776,0.702961,0.463645,0.6292,0.463692,0.645341,0.270153,0.57989,0.857969,0.591612,0.753773,0.666067,0.98144,0.664864,0.981418,0.665354,0.080146,0.666288,0.0801477,0.770768,0.966171,0.769467,0.966253,0.563388,0.96639,0.606586,0.647573]
            },
            "position":{
                "itemSize":3,
                "type":"Float32Array",
                "array":[2.57916,2.1737,1.14095,3.42881,2.09488,1.27703,3.65436,2.07644,1.27066,3.61515,2.07876,1.27234,3.42836,2.09396,1.27837,3.01388,2.10266,1.29599,3.65408,2.07516,1.27026,2.58479,2.16196,1.29829,2.57849,2.17091,1.14008,2.57129,2.09963,1.30713,2.58471,2.16088,1.30122,3.63937,2.07598,1.27087,2.58509,2.16299,1.29956,2.57893,2.172,1.14371,2.57849,2.17091,1.14008,2.58479,2.16196,1.29829,3.65603,2.07566,1.27036,2.5783,2.1725,1.1378,2.58471,2.16088,1.30122,2.57129,2.09963,1.30713,2.5716,2.10092,1.30757,2.585,2.1619,1.30243,2.57893,2.172,1.14371,2.97397,2.13367,1.28943,2.9785,2.13523,1.28991,2.98635,2.13363,1.29264,2.98189,2.13206,1.29217,3.00905,2.10094,1.29557,2.98189,2.13206,1.29217,2.84933,2.14102,1.29481,3.00905,2.10094,1.29557,2.57893,2.172,1.14371,2.84408,2.14246,1.29203,2.97397,2.13367,1.28943,2.5783,2.1725,1.1378,3.65408,2.07516,1.27026,2.57849,2.17091,1.14008,2.57916,2.1737,1.14095,2.59397,2.15204,1.51535,3.19701,2.11366,1.30794,2.97936,2.13112,1.32372,3.61519,2.07871,1.27332,3.01397,2.10254,1.29819,3.42888,2.09467,1.28518,3.65411,2.07512,1.27095,2.5933,2.14925,1.51448,2.58709,2.1586,1.3564,2.57139,2.09949,1.30961,3.6394,2.07594,1.27168,2.58675,2.15789,1.35291,2.58732,2.15973,1.35579,2.58709,2.1586,1.3564,2.5933,2.14925,1.51448,2.59348,2.15071,1.51165,3.65438,2.0764,1.27135,2.59332,2.15052,1.51768,3.65606,2.07562,1.27106,2.58675,2.15789,1.35291,2.58697,2.15901,1.35236,2.57169,2.10078,1.30998,2.57139,2.09949,1.30961,2.97484,2.12956,1.32345,2.59348,2.15071,1.51165,2.98694,2.12992,1.31967,3.00914,2.10081,1.29777,2.98249,2.12834,1.31939,2.98249,2.12834,1.31939,3.00914,2.10081,1.29777,2.85066,2.13822,1.33219,2.59348,2.15071,1.51165,2.71656,2.14989,1.3454,2.58732,2.15973,1.35579,2.59332,2.15052,1.51768,3.65411,2.07512,1.27095,2.5933,2.14925,1.51448,2.59397,2.15204,1.51535,2.71743,2.15199,1.30141,2.71485,2.15325,1.29858,3.1962,2.1156,1.28411,3.19582,2.11468,1.28629,3.19645,2.11303,1.30529,3.42945,2.09541,1.28702,2.71888,2.149,1.34176,2.84568,2.13927,1.33605,2.5716,2.10092,1.30757,2.57169,2.10078,1.30998,3.65411,2.07512,1.27095,3.65408,2.07516,1.27026,2.58509,2.16299,1.29956,2.585,2.1619,1.30243,2.58697,2.15901,1.35236,2.97484,2.12956,1.32345]
            }
        },
        "index":{
            "itemSize":1,
            "type":"Uint16Array",